Feature,Importance
cibil_score,0.8536010767037285
loan_term,0.05305884816399636
loan_amount,0.04196954215879809
income_annum,0.03130687314262467
no_of_dependents,0.011623721480253719
self_employed_No,0.002202592413098511
education_Graduate,0.002091197790421874
self_employed_Yes,0.0020885143910559594
education_Not Graduate,0.002057633756022279
