Metric,Score
Accuracy,0.9800936768149883
Precision,0.9849056603773585
Recall,0.9830508474576272
F1-Score,0.9839773798303487
ROC-AUC,0.9966095864453424
